CompanyName,Suburb,Location,Area
Urban Climb,Blackburn,1,
Urban Climb,Blackburn,2,
Urban Climb,Blackburn,3,
Urban Climb,Blackburn,4,
Urban Climb,Blackburn,5,
Urban Climb,Blackburn,6,
Urban Climb,Blackburn,7,
Urban Climb,Blackburn,8,
Urban Climb,Blackburn,9,
Urban Climb,Blackburn,10,
Urban Climb,Blackburn,11,
Urban Climb,Blackburn,12,
Urban Climb,Blackburn,13,
Urban Climb,Blackburn,14,
Urban Climb,Blackburn,15,
Urban Climb,Blackburn,16,
Urban Climb,Blackburn,17,
Urban Climb,Blackburn,18,
Urban Climb,Blackburn,19,
Urban Climb,Blackburn,20,
Urban Climb,Blackburn,21,
Urban Climb,Blackburn,22,
Urban Climb,Blackburn,23,
Urban Climb,Blackburn,24,
Urban Climb,Blackburn,25,
Urban Climb,Blackburn,26,
Urban Climb,Blackburn,27,
Urban Climb,Blackburn,28,
Urban Climb,Blackburn,29,
Urban Climb,Blackburn,30,
Urban Climb,Blackburn,31,
Urban Climb,Blackburn,32,
Urban Climb,Blackburn,33,
Urban Climb,Blackburn,34,
Urban Climb,Blackburn,35,
Urban Climb,Blackburn,36,
Urban Climb,Blackburn,37,
Urban Climb,Blackburn,38,
Urban Climb,Blackburn,39,
Urban Climb,Blackburn,40,
Urban Climb,Blackburn,41,
Urban Climb,Blackburn,42,
Urban Climb,Blackburn,43,
Urban Climb,Blackburn,44,
Urban Climb,Blackburn,45,
Urban Climb,Blackburn,46,
Urban Climb,Blackburn,47,
Urban Climb,Blackburn,48,
Urban Climb,Blackburn,49,
Urban Climb,Blackburn,50,
Urban Climb,Blackburn,51,
Urban Climb,Blackburn,52,
Urban Climb,Blackburn,53,
Urban Climb,Blackburn,54,
Urban Climb,Blackburn,55,
Urban Climb,Blackburn,56,
Urban Climb,Blackburn,57,
Urban Climb,Blackburn,58,
Urban Climb,Blackburn,59,
Urban Climb,Blackburn,60,
Urban Climb,Blackburn,61,
Urban Climb,Blackburn,62,
Urban Climb,Blackburn,63,
Urban Climb,Blackburn,64,
Urban Climb,Blackburn,65,
Urban Climb,Blackburn,66,
Urban Climb,Blackburn,67,
Urban Climb,Blackburn,68,
Urban Climb,Blackburn,69,
Urban Climb,Blackburn,70,
Urban Climb,Blackburn,71,
Urban Climb,Blackburn,72,
Urban Climb,Blackburn,73,
Urban Climb,Blackburn,74,
Urban Climb,Blackburn,75,
Urban Climb,Blackburn,76,
Urban Climb,Blackburn,77,
Urban Climb,Blackburn,78,
Urban Climb,Blackburn,79,
Urban Climb,Blackburn,80,
Urban Climb,Blackburn,81,
Urban Climb,Blackburn,82,
Urban Climb,Blackburn,83,
Urban Climb,Blackburn,84,
Urban Climb,Blackburn,85,
Urban Climb,Blackburn,86,
Urban Climb,Blackburn,87,
Urban Climb,Blackburn,88,
Urban Climb,Blackburn,89,
Urban Climb,Blackburn,90,
Urban Climb,Blackburn,91,
Urban Climb,Blackburn,92,
Urban Climb,Blackburn,93,
Urban Climb,Blackburn,94,
Urban Climb,Blackburn,95,
Urban Climb,Blackburn,96,
Urban Climb,Blackburn,97,
Urban Climb,Blackburn,98,
Urban Climb,Blackburn,99,
Urban Climb,Blackburn,100,
Urban Climb,Blackburn,101,
Urban Climb,Blackburn,102,
Urban Climb,Blackburn,103,
Urban Climb,Blackburn,104,
Urban Climb,Blackburn,105,
Urban Climb,Blackburn,106,
Urban Climb,Blackburn,107,
Urban Climb,Blackburn,108,
Urban Climb,Blackburn,109,
Urban Climb,Blackburn,110,
Urban Climb,Blackburn,111,
Urban Climb,Blackburn,112,
Urban Climb,Blackburn,113,
Urban Climb,Blackburn,114,
Urban Climb,Blackburn,115,
Urban Climb,Blackburn,116,
Urban Climb,Blackburn,117,
Urban Climb,Blackburn,118,
Urban Climb,Blackburn,119,
Urban Climb,Blackburn,120,
Urban Climb,Blackburn,121,
Urban Climb,Blackburn,122,
Urban Climb,Blackburn,123,
Urban Climb,Blackburn,124,
Urban Climb,Blackburn,125,
Urban Climb,Blackburn,126,
Urban Climb,Blackburn,127,
Urban Climb,Blackburn,128,
Urban Climb,Blackburn,129,
Urban Climb,Blackburn,130,
